<?xml version="1.0" encoding="UTF-8"?>
<GenRun Id="impl_1" LaunchPart="xc7a35tcpg236-1" LaunchTime="1697370898">
  <File Type="ROUTE-PWR" Name="top_baxys_power_routed.rpt"/>
  <File Type="PA-TCL" Name="top_baxys.tcl"/>
  <File Type="ROUTE-PWR-SUM" Name="top_baxys_power_summary_routed.pb"/>
  <File Type="REPORTS-TCL" Name="top_baxys_reports.tcl"/>
  <File Type="BITSTR-MSK" Name="top_baxys.msk"/>
  <File Type="ROUTE-CLK" Name="top_baxys_clock_utilization_routed.rpt"/>
  <File Type="RDI-RDI" Name="top_baxys.vdi"/>
  <File Type="BG-BIT" Name="top_baxys.bit"/>
  <File Type="BG-DRC" Name="top_baxys.drc"/>
  <File Type="BG-BGN" Name="top_baxys.bgn"/>
  <File Type="BG-BIN" Name="top_baxys.bin"/>
  <File Type="BITSTR-RBT" Name="top_baxys.rbt"/>
  <File Type="BITSTR-NKY" Name="top_baxys.nky"/>
  <File Type="BITSTR-BMM" Name="top_baxys_bd.bmm"/>
  <File Type="ROUTE-METHODOLOGY-DRC" Name="top_baxys_methodology_drc_routed.rpt"/>
  <File Type="BITSTR-MMI" Name="top_baxys.mmi"/>
  <File Type="BITSTR-SYSDEF" Name="top_baxys.sysdef"/>
  <File Type="BITSTR-LTX" Name="debug_nets.ltx"/>
  <File Type="BITSTR-LTX" Name="top_baxys.ltx"/>
  <File Type="WBT-USG" Name="usage_statistics_webtalk.html"/>
  <File Type="OPT-DRC" Name="top_baxys_drc_opted.rpt"/>
  <File Type="OPT-HWDEF" Name="top_baxys.hwdef"/>
  <File Type="PLACE-IO" Name="top_baxys_io_placed.rpt"/>
  <File Type="PLACE-UTIL" Name="top_baxys_utilization_placed.rpt"/>
  <File Type="PLACE-UTIL-PB" Name="top_baxys_utilization_placed.pb"/>
  <File Type="PLACE-CTRL" Name="top_baxys_control_sets_placed.rpt"/>
  <File Type="PLACE-PRE-SIMILARITY" Name="top_baxys_incremental_reuse_pre_placed.rpt"/>
  <File Type="ROUTE-DRC" Name="top_baxys_drc_routed.rpt"/>
  <File Type="ROUTE-DRC-PB" Name="top_baxys_drc_routed.pb"/>
  <File Type="ROUTE-PWR-RPX" Name="top_baxys_power_routed.rpx"/>
  <File Type="ROUTE-STATUS" Name="top_baxys_route_status.rpt"/>
  <File Type="ROUTE-STATUS-PB" Name="top_baxys_route_status.pb"/>
  <File Type="ROUTE-DCP" Name="top_baxys_routed.dcp"/>
  <File Type="ROUTE-ERROR-DCP" Name="top_baxys_routed_error.dcp"/>
  <File Type="ROUTE-BLACKBOX-DCP" Name="top_baxys_routed_bb.dcp"/>
  <File Type="ROUTE-TIMINGSUMMARY" Name="top_baxys_timing_summary_routed.rpt"/>
  <File Type="ROUTE-TIMING-PB" Name="top_baxys_timing_summary_routed.pb"/>
  <File Type="ROUTE-TIMING-RPX" Name="top_baxys_timing_summary_routed.rpx"/>
  <File Type="ROUTE-BUS-SKEW" Name="top_baxys_bus_skew_routed.rpt"/>
  <File Type="ROUTE-BUS-SKEW-PB" Name="top_baxys_bus_skew_routed.pb"/>
  <File Type="ROUTE-BUS-SKEW-RPX" Name="top_baxys_bus_skew_routed.rpx"/>
  <File Type="OPT-DCP" Name="top_baxys_opt.dcp"/>
  <File Type="PLACE-DCP" Name="top_baxys_placed.dcp"/>
  <File Type="PWROPT-DCP" Name="top_baxys_pwropt.dcp"/>
  <File Type="POSTPLACE-PWROPT-DCP" Name="top_baxys_postplace_pwropt.dcp"/>
  <File Type="PHYSOPT-DCP" Name="top_baxys_physopt.dcp"/>
  <File Type="POSTROUTE-PHYSOPT-DCP" Name="top_baxys_postroute_physopt.dcp"/>
  <File Type="POSTROUTE-PHYSOPT-BLACKBOX-DCP" Name="top_baxys_postroute_physopt_bb.dcp"/>
  <File Type="ROUTE-METHODOLOGY-DRC-PB" Name="top_baxys_methodology_drc_routed.pb"/>
  <File Type="ROUTE-DRC-RPX" Name="top_baxys_drc_routed.rpx"/>
  <File Type="ROUTE-METHODOLOGY-DRC-RPX" Name="top_baxys_methodology_drc_routed.rpx"/>
  <File Type="PDI-FILE" Name="top_baxys.pdi"/>
  <File Type="RCFI_FILE" Name="top_baxys.rcfi"/>
  <File Type="CFI_FILE" Name="top_baxys.cfi"/>
  <File Type="RNPI_FILE" Name="top_baxys.rnpi"/>
  <File Type="NPI_FILE" Name="top_baxys.npi"/>
  <File Type="RBD_FILE" Name="top_baxys.rbd"/>
  <FileSet Name="sources" Type="DesignSrcs" RelSrcDir="$PSRCDIR/sources_1" RelGenDir="$PGENDIR/sources_1">
    <Filter Type="Srcs"/>
    <File Path="$PSRCDIR/sources_1/imports/VHDL/ADXL362Ctrl.vhd">
      <FileInfo>
        <Attr Name="ImportPath" Val="$PPRDIR/../Sources_Debut_TP_2021/Sources_Debut_TP_2021/VHDL/ADXL362Ctrl.vhd"/>
        <Attr Name="ImportTime" Val="1696161805"/>
        <Attr Name="UsedIn" Val="synthesis"/>
        <Attr Name="UsedIn" Val="simulation"/>
      </FileInfo>
    </File>
    <File Path="$PSRCDIR/sources_1/imports/VHDL/ClkAcc.vhd">
      <FileInfo>
        <Attr Name="ImportPath" Val="$PPRDIR/../Sources_Debut_TP_2021/Sources_Debut_TP_2021/VHDL/ClkAcc.vhd"/>
        <Attr Name="ImportTime" Val="1696161805"/>
        <Attr Name="UsedIn" Val="synthesis"/>
        <Attr Name="UsedIn" Val="simulation"/>
      </FileInfo>
    </File>
    <File Path="$PSRCDIR/sources_1/new/ClkDiv.vhd">
      <FileInfo>
        <Attr Name="UsedIn" Val="synthesis"/>
        <Attr Name="UsedIn" Val="simulation"/>
      </FileInfo>
    </File>
    <File Path="$PSRCDIR/sources_1/new/Move.vhd">
      <FileInfo>
        <Attr Name="UsedIn" Val="synthesis"/>
        <Attr Name="UsedIn" Val="simulation"/>
      </FileInfo>
    </File>
    <File Path="$PSRCDIR/sources_1/imports/sources_1/new/Moving_Colors.vhd">
      <FileInfo>
        <Attr Name="ImportPath" Val="$PPRDIR/../VGA_4Bits/VGA_4Bits.srcs/sources_1/new/Moving_Colors.vhd"/>
        <Attr Name="ImportTime" Val="1697039168"/>
        <Attr Name="UsedIn" Val="synthesis"/>
        <Attr Name="UsedIn" Val="simulation"/>
      </FileInfo>
    </File>
    <File Path="$PSRCDIR/sources_1/imports/VHDL/SPI_If.vhd">
      <FileInfo>
        <Attr Name="ImportPath" Val="$PPRDIR/../Sources_Debut_TP_2021/Sources_Debut_TP_2021/VHDL/SPI_If.vhd"/>
        <Attr Name="ImportTime" Val="1696161805"/>
        <Attr Name="UsedIn" Val="synthesis"/>
        <Attr Name="UsedIn" Val="simulation"/>
      </FileInfo>
    </File>
    <File Path="$PSRCDIR/sources_1/imports/VHDL/pong_package.vhd">
      <FileInfo>
        <Attr Name="ImportPath" Val="$PPRDIR/../Sources_Debut_TP_2021/Sources_Debut_TP_2021/VHDL/pong_package.vhd"/>
        <Attr Name="ImportTime" Val="1696161805"/>
        <Attr Name="UsedIn" Val="synthesis"/>
        <Attr Name="UsedIn" Val="simulation"/>
      </FileInfo>
    </File>
    <File Path="$PSRCDIR/sources_1/imports/VHDL/switch_mgr.vhd">
      <FileInfo>
        <Attr Name="ImportPath" Val="$PPRDIR/../Sources_Debut_TP_2021/Sources_Debut_TP_2021/VHDL/switch_mgr.vhd"/>
        <Attr Name="ImportTime" Val="1696161805"/>
        <Attr Name="UsedIn" Val="synthesis"/>
        <Attr Name="UsedIn" Val="simulation"/>
      </FileInfo>
    </File>
    <File Path="$PSRCDIR/sources_1/imports/VHDL/button_mgr.vhd">
      <FileInfo>
        <Attr Name="ImportPath" Val="$PPRDIR/../Sources_Debut_TP_2021/Sources_Debut_TP_2021/VHDL/button_mgr.vhd"/>
        <Attr Name="ImportTime" Val="1696161805"/>
        <Attr Name="UsedIn" Val="synthesis"/>
        <Attr Name="UsedIn" Val="simulation"/>
      </FileInfo>
    </File>
    <File Path="$PSRCDIR/sources_1/imports/VHDL/aff_mgr_basys.vhd">
      <FileInfo>
        <Attr Name="ImportPath" Val="$PPRDIR/../Sources_Debut_TP_2021/Sources_Debut_TP_2021/VHDL/aff_mgr_basys.vhd"/>
        <Attr Name="ImportTime" Val="1696161805"/>
        <Attr Name="UsedIn" Val="synthesis"/>
        <Attr Name="UsedIn" Val="simulation"/>
      </FileInfo>
    </File>
    <File Path="$PSRCDIR/sources_1/imports/VHDL/rotary.vhd">
      <FileInfo>
        <Attr Name="ImportPath" Val="$PPRDIR/../Sources_Debut_TP_2021/Sources_Debut_TP_2021/VHDL/rotary.vhd"/>
        <Attr Name="ImportTime" Val="1696161805"/>
        <Attr Name="UsedIn" Val="synthesis"/>
        <Attr Name="UsedIn" Val="simulation"/>
      </FileInfo>
    </File>
    <File Path="$PSRCDIR/sources_1/imports/VHDL/ip_rotary.vhd">
      <FileInfo>
        <Attr Name="ImportPath" Val="$PPRDIR/../Sources_Debut_TP_2021/Sources_Debut_TP_2021/VHDL/ip_rotary.vhd"/>
        <Attr Name="ImportTime" Val="1696161805"/>
        <Attr Name="UsedIn" Val="synthesis"/>
        <Attr Name="UsedIn" Val="simulation"/>
      </FileInfo>
    </File>
    <File Path="$PSRCDIR/sources_1/imports/VHDL/accelero_mgr.vhd">
      <FileInfo>
        <Attr Name="ImportPath" Val="$PPRDIR/../Sources_Debut_TP_2021/Sources_Debut_TP_2021/VHDL/accelero_mgr.vhd"/>
        <Attr Name="ImportTime" Val="1696161805"/>
        <Attr Name="UsedIn" Val="synthesis"/>
        <Attr Name="UsedIn" Val="simulation"/>
      </FileInfo>
    </File>
    <File Path="$PSRCDIR/sources_1/imports/VHDL/decor.vhd">
      <FileInfo>
        <Attr Name="ImportPath" Val="$PPRDIR/../Sources_Debut_TP_2021/Sources_Debut_TP_2021/VHDL/decor.vhd"/>
        <Attr Name="ImportTime" Val="1696161805"/>
        <Attr Name="UsedIn" Val="synthesis"/>
        <Attr Name="UsedIn" Val="simulation"/>
      </FileInfo>
    </File>
    <File Path="$PSRCDIR/sources_1/imports/VHDL/pad.vhd">
      <FileInfo>
        <Attr Name="ImportPath" Val="$PPRDIR/../Sources_Debut_TP_2021/Sources_Debut_TP_2021/VHDL/pad.vhd"/>
        <Attr Name="ImportTime" Val="1696161805"/>
        <Attr Name="UsedIn" Val="synthesis"/>
        <Attr Name="UsedIn" Val="simulation"/>
      </FileInfo>
    </File>
    <File Path="$PSRCDIR/sources_1/imports/VHDL/bounce.vhd">
      <FileInfo>
        <Attr Name="ImportPath" Val="$PPRDIR/../Sources_Debut_TP_2021/Sources_Debut_TP_2021/VHDL/bounce.vhd"/>
        <Attr Name="ImportTime" Val="1696161805"/>
        <Attr Name="UsedIn" Val="synthesis"/>
        <Attr Name="UsedIn" Val="simulation"/>
      </FileInfo>
    </File>
    <File Path="$PSRCDIR/sources_1/imports/VHDL/ball.vhd">
      <FileInfo>
        <Attr Name="ImportPath" Val="$PPRDIR/../Sources_Debut_TP_2021/Sources_Debut_TP_2021/VHDL/ball.vhd"/>
        <Attr Name="ImportTime" Val="1696161805"/>
        <Attr Name="UsedIn" Val="synthesis"/>
        <Attr Name="UsedIn" Val="simulation"/>
      </FileInfo>
    </File>
    <File Path="$PSRCDIR/sources_1/imports/VHDL/brick.vhd">
      <FileInfo>
        <Attr Name="ImportPath" Val="$PPRDIR/../Sources_Debut_TP_2021/Sources_Debut_TP_2021/VHDL/brick.vhd"/>
        <Attr Name="ImportTime" Val="1696161805"/>
        <Attr Name="UsedIn" Val="synthesis"/>
        <Attr Name="UsedIn" Val="simulation"/>
      </FileInfo>
    </File>
    <File Path="$PSRCDIR/sources_1/imports/VHDL/objects.vhd">
      <FileInfo>
        <Attr Name="ImportPath" Val="$PPRDIR/../Sources_Debut_TP_2021/Sources_Debut_TP_2021/VHDL/objects.vhd"/>
        <Attr Name="ImportTime" Val="1696161805"/>
        <Attr Name="UsedIn" Val="synthesis"/>
        <Attr Name="UsedIn" Val="simulation"/>
      </FileInfo>
    </File>
    <File Path="$PSRCDIR/sources_1/imports/VHDL/display.vhd">
      <FileInfo>
        <Attr Name="ImportPath" Val="$PPRDIR/../Sources_Debut_TP_2021/Sources_Debut_TP_2021/VHDL/display.vhd"/>
        <Attr Name="ImportTime" Val="1696161805"/>
        <Attr Name="UsedIn" Val="synthesis"/>
        <Attr Name="UsedIn" Val="simulation"/>
      </FileInfo>
    </File>
    <File Path="$PSRCDIR/sources_1/imports/VHDL/game_mgr.vhd">
      <FileInfo>
        <Attr Name="ImportPath" Val="$PPRDIR/../Sources_Debut_TP_2021/Sources_Debut_TP_2021/VHDL/game_mgr.vhd"/>
        <Attr Name="ImportTime" Val="1696161805"/>
        <Attr Name="UsedIn" Val="synthesis"/>
        <Attr Name="UsedIn" Val="simulation"/>
      </FileInfo>
    </File>
    <File Path="$PSRCDIR/sources_1/imports/VHDL/mas_sla_mgr.vhd">
      <FileInfo>
        <Attr Name="ImportPath" Val="$PPRDIR/../Sources_Debut_TP_2021/Sources_Debut_TP_2021/VHDL/mas_sla_mgr.vhd"/>
        <Attr Name="ImportTime" Val="1696161805"/>
        <Attr Name="UsedIn" Val="synthesis"/>
        <Attr Name="UsedIn" Val="simulation"/>
      </FileInfo>
    </File>
    <File Path="$PSRCDIR/sources_1/imports/VHDL/game.vhd">
      <FileInfo>
        <Attr Name="ImportPath" Val="$PPRDIR/../Sources_Debut_TP_2021/Sources_Debut_TP_2021/VHDL/game.vhd"/>
        <Attr Name="ImportTime" Val="1696161805"/>
        <Attr Name="UsedIn" Val="synthesis"/>
        <Attr Name="UsedIn" Val="simulation"/>
      </FileInfo>
    </File>
    <File Path="$PSRCDIR/sources_1/imports/sources_1/imports/LU3EE100/VGA_4bits.vhd">
      <FileInfo>
        <Attr Name="ImportPath" Val="$PPRDIR/../VGA_4Bits/VGA_4Bits.srcs/sources_1/imports/LU3EE100/VGA_4bits.vhd"/>
        <Attr Name="ImportTime" Val="1696172685"/>
        <Attr Name="UsedIn" Val="synthesis"/>
        <Attr Name="UsedIn" Val="simulation"/>
      </FileInfo>
    </File>
    <File Path="$PSRCDIR/sources_1/imports/VHDL/Top_Basys.vhd">
      <FileInfo>
        <Attr Name="ImportPath" Val="$PPRDIR/../Sources_Debut_TP_2021/Sources_Debut_TP_2021/VHDL/Top_Basys.vhd"/>
        <Attr Name="ImportTime" Val="1696161805"/>
        <Attr Name="UsedIn" Val="synthesis"/>
        <Attr Name="UsedIn" Val="simulation"/>
      </FileInfo>
    </File>
    <File Path="$PSRCDIR/sources_1/imports/VHDL/VGA.vhd">
      <FileInfo>
        <Attr Name="AutoDisabled" Val="1"/>
        <Attr Name="ImportPath" Val="$PPRDIR/../Sources_Debut_TP_2021/Sources_Debut_TP_2021/VHDL/VGA.vhd"/>
        <Attr Name="ImportTime" Val="1696161805"/>
        <Attr Name="UsedIn" Val="synthesis"/>
        <Attr Name="UsedIn" Val="simulation"/>
      </FileInfo>
    </File>
    <File Path="$PSRCDIR/sources_1/imports/VHDL/Top_Nexys.vhd">
      <FileInfo>
        <Attr Name="AutoDisabled" Val="1"/>
        <Attr Name="ImportPath" Val="$PPRDIR/../Sources_Debut_TP_2021/Sources_Debut_TP_2021/VHDL/Top_Nexys.vhd"/>
        <Attr Name="ImportTime" Val="1696161805"/>
        <Attr Name="UsedIn" Val="synthesis"/>
        <Attr Name="UsedIn" Val="simulation"/>
      </FileInfo>
    </File>
    <File Path="$PSRCDIR/sources_1/imports/VHDL/aff_mgr_nexys.vhd">
      <FileInfo>
        <Attr Name="AutoDisabled" Val="1"/>
        <Attr Name="ImportPath" Val="$PPRDIR/../Sources_Debut_TP_2021/Sources_Debut_TP_2021/VHDL/aff_mgr_nexys.vhd"/>
        <Attr Name="ImportTime" Val="1696161805"/>
        <Attr Name="UsedIn" Val="synthesis"/>
        <Attr Name="UsedIn" Val="simulation"/>
      </FileInfo>
    </File>
    <Config>
      <Option Name="DesignMode" Val="RTL"/>
      <Option Name="TopModule" Val="top_baxys"/>
      <Option Name="TopAutoSet" Val="TRUE"/>
    </Config>
  </FileSet>
  <FileSet Name="constrs_in" Type="Constrs" RelSrcDir="$PSRCDIR/constrs_1">
    <Filter Type="Constrs"/>
    <File Path="$PSRCDIR/constrs_1/imports/XDC/Console_Basys.xdc">
      <FileInfo>
        <Attr Name="ImportPath" Val="$PPRDIR/../Sources_Debut_TP_2021/Sources_Debut_TP_2021/XDC/Console_Basys.xdc"/>
        <Attr Name="ImportTime" Val="1696161805"/>
        <Attr Name="UsedIn" Val="synthesis"/>
        <Attr Name="UsedIn" Val="implementation"/>
      </FileInfo>
    </File>
    <File Path="$PSRCDIR/constrs_1/imports/XDC/Console_Nexys.xdc">
      <FileInfo>
        <Attr Name="UserDisabled" Val="1"/>
        <Attr Name="ImportPath" Val="$PPRDIR/../Sources_Debut_TP_2021/Sources_Debut_TP_2021/XDC/Console_Nexys.xdc"/>
        <Attr Name="ImportTime" Val="1696161805"/>
        <Attr Name="UsedIn" Val="synthesis"/>
        <Attr Name="UsedIn" Val="implementation"/>
      </FileInfo>
    </File>
    <Config>
      <Option Name="ConstrsType" Val="XDC"/>
    </Config>
  </FileSet>
  <FileSet Name="utils" Type="Utils" RelSrcDir="$PSRCDIR/utils_1">
    <Filter Type="Utils"/>
    <Config>
      <Option Name="TopAutoSet" Val="TRUE"/>
    </Config>
  </FileSet>
  <Strategy Version="1" Minor="2">
    <StratHandle Name="Vivado Implementation Defaults" Flow="Vivado Implementation 2020"/>
    <Step Id="init_design"/>
    <Step Id="opt_design"/>
    <Step Id="power_opt_design"/>
    <Step Id="place_design"/>
    <Step Id="post_place_power_opt_design"/>
    <Step Id="phys_opt_design"/>
    <Step Id="route_design"/>
    <Step Id="post_route_phys_opt_design"/>
    <Step Id="write_bitstream"/>
    <Step Id="write_device_image"/>
  </Strategy>
</GenRun>
