<?xml version="1.0" encoding="UTF-8"?>
<GenRun Id="synth_1" LaunchPart="xc7a35tcpg236-1" LaunchTime="1697370749">
  <File Type="PA-TCL" Name="top_baxys.tcl"/>
  <File Type="REPORTS-TCL" Name="top_baxys_reports.tcl"/>
  <File Type="RDS-RDS" Name="top_baxys.vds"/>
  <File Type="RDS-UTIL" Name="top_baxys_utilization_synth.rpt"/>
  <File Type="RDS-UTIL-PB" Name="top_baxys_utilization_synth.pb"/>
  <File Type="RDS-DCP" Name="top_baxys.dcp"/>
  <FileSet Name="sources" Type="DesignSrcs" RelSrcDir="$PSRCDIR/sources_1" RelGenDir="$PGENDIR/sources_1">
    <Filter Type="Srcs"/>
    <File Path="$PSRCDIR/sources_1/imports/VHDL/ADXL362Ctrl.vhd">
      <FileInfo>
        <Attr Name="ImportPath" Val="$PPRDIR/../Sources_Debut_TP_2021/Sources_Debut_TP_2021/VHDL/ADXL362Ctrl.vhd"/>
        <Attr Name="ImportTime" Val="1696161805"/>
        <Attr Name="UsedIn" Val="synthesis"/>
        <Attr Name="UsedIn" Val="simulation"/>
      </FileInfo>
    </File>
    <File Path="$PSRCDIR/sources_1/imports/VHDL/ClkAcc.vhd">
      <FileInfo>
        <Attr Name="ImportPath" Val="$PPRDIR/../Sources_Debut_TP_2021/Sources_Debut_TP_2021/VHDL/ClkAcc.vhd"/>
        <Attr Name="ImportTime" Val="1696161805"/>
        <Attr Name="UsedIn" Val="synthesis"/>
        <Attr Name="UsedIn" Val="simulation"/>
      </FileInfo>
    </File>
    <File Path="$PSRCDIR/sources_1/new/ClkDiv.vhd">
      <FileInfo>
        <Attr Name="UsedIn" Val="synthesis"/>
        <Attr Name="UsedIn" Val="simulation"/>
      </FileInfo>
    </File>
    <File Path="$PSRCDIR/sources_1/new/Move.vhd">
      <FileInfo>
        <Attr Name="UsedIn" Val="synthesis"/>
        <Attr Name="UsedIn" Val="simulation"/>
      </FileInfo>
    </File>
    <File Path="$PSRCDIR/sources_1/imports/sources_1/new/Moving_Colors.vhd">
      <FileInfo>
        <Attr Name="ImportPath" Val="$PPRDIR/../VGA_4Bits/VGA_4Bits.srcs/sources_1/new/Moving_Colors.vhd"/>
        <Attr Name="ImportTime" Val="1697039168"/>
        <Attr Name="UsedIn" Val="synthesis"/>
        <Attr Name="UsedIn" Val="simulation"/>
      </FileInfo>
    </File>
    <File Path="$PSRCDIR/sources_1/imports/VHDL/SPI_If.vhd">
      <FileInfo>
        <Attr Name="ImportPath" Val="$PPRDIR/../Sources_Debut_TP_2021/Sources_Debut_TP_2021/VHDL/SPI_If.vhd"/>
        <Attr Name="ImportTime" Val="1696161805"/>
        <Attr Name="UsedIn" Val="synthesis"/>
        <Attr Name="UsedIn" Val="simulation"/>
      </FileInfo>
    </File>
    <File Path="$PSRCDIR/sources_1/imports/VHDL/pong_package.vhd">
      <FileInfo>
        <Attr Name="ImportPath" Val="$PPRDIR/../Sources_Debut_TP_2021/Sources_Debut_TP_2021/VHDL/pong_package.vhd"/>
        <Attr Name="ImportTime" Val="1696161805"/>
        <Attr Name="UsedIn" Val="synthesis"/>
        <Attr Name="UsedIn" Val="simulation"/>
      </FileInfo>
    </File>
    <File Path="$PSRCDIR/sources_1/imports/VHDL/switch_mgr.vhd">
      <FileInfo>
        <Attr Name="ImportPath" Val="$PPRDIR/../Sources_Debut_TP_2021/Sources_Debut_TP_2021/VHDL/switch_mgr.vhd"/>
        <Attr Name="ImportTime" Val="1696161805"/>
        <Attr Name="UsedIn" Val="synthesis"/>
        <Attr Name="UsedIn" Val="simulation"/>
      </FileInfo>
    </File>
    <File Path="$PSRCDIR/sources_1/imports/VHDL/button_mgr.vhd">
      <FileInfo>
        <Attr Name="ImportPath" Val="$PPRDIR/../Sources_Debut_TP_2021/Sources_Debut_TP_2021/VHDL/button_mgr.vhd"/>
        <Attr Name="ImportTime" Val="1696161805"/>
        <Attr Name="UsedIn" Val="synthesis"/>
        <Attr Name="UsedIn" Val="simulation"/>
      </FileInfo>
    </File>
    <File Path="$PSRCDIR/sources_1/imports/VHDL/aff_mgr_basys.vhd">
      <FileInfo>
        <Attr Name="ImportPath" Val="$PPRDIR/../Sources_Debut_TP_2021/Sources_Debut_TP_2021/VHDL/aff_mgr_basys.vhd"/>
        <Attr Name="ImportTime" Val="1696161805"/>
        <Attr Name="UsedIn" Val="synthesis"/>
        <Attr Name="UsedIn" Val="simulation"/>
      </FileInfo>
    </File>
    <File Path="$PSRCDIR/sources_1/imports/VHDL/rotary.vhd">
      <FileInfo>
        <Attr Name="ImportPath" Val="$PPRDIR/../Sources_Debut_TP_2021/Sources_Debut_TP_2021/VHDL/rotary.vhd"/>
        <Attr Name="ImportTime" Val="1696161805"/>
        <Attr Name="UsedIn" Val="synthesis"/>
        <Attr Name="UsedIn" Val="simulation"/>
      </FileInfo>
    </File>
    <File Path="$PSRCDIR/sources_1/imports/VHDL/ip_rotary.vhd">
      <FileInfo>
        <Attr Name="ImportPath" Val="$PPRDIR/../Sources_Debut_TP_2021/Sources_Debut_TP_2021/VHDL/ip_rotary.vhd"/>
        <Attr Name="ImportTime" Val="1696161805"/>
        <Attr Name="UsedIn" Val="synthesis"/>
        <Attr Name="UsedIn" Val="simulation"/>
      </FileInfo>
    </File>
    <File Path="$PSRCDIR/sources_1/imports/VHDL/accelero_mgr.vhd">
      <FileInfo>
        <Attr Name="ImportPath" Val="$PPRDIR/../Sources_Debut_TP_2021/Sources_Debut_TP_2021/VHDL/accelero_mgr.vhd"/>
        <Attr Name="ImportTime" Val="1696161805"/>
        <Attr Name="UsedIn" Val="synthesis"/>
        <Attr Name="UsedIn" Val="simulation"/>
      </FileInfo>
    </File>
    <File Path="$PSRCDIR/sources_1/imports/VHDL/decor.vhd">
      <FileInfo>
        <Attr Name="ImportPath" Val="$PPRDIR/../Sources_Debut_TP_2021/Sources_Debut_TP_2021/VHDL/decor.vhd"/>
        <Attr Name="ImportTime" Val="1696161805"/>
        <Attr Name="UsedIn" Val="synthesis"/>
        <Attr Name="UsedIn" Val="simulation"/>
      </FileInfo>
    </File>
    <File Path="$PSRCDIR/sources_1/imports/VHDL/pad.vhd">
      <FileInfo>
        <Attr Name="ImportPath" Val="$PPRDIR/../Sources_Debut_TP_2021/Sources_Debut_TP_2021/VHDL/pad.vhd"/>
        <Attr Name="ImportTime" Val="1696161805"/>
        <Attr Name="UsedIn" Val="synthesis"/>
        <Attr Name="UsedIn" Val="simulation"/>
      </FileInfo>
    </File>
    <File Path="$PSRCDIR/sources_1/imports/VHDL/bounce.vhd">
      <FileInfo>
        <Attr Name="ImportPath" Val="$PPRDIR/../Sources_Debut_TP_2021/Sources_Debut_TP_2021/VHDL/bounce.vhd"/>
        <Attr Name="ImportTime" Val="1696161805"/>
        <Attr Name="UsedIn" Val="synthesis"/>
        <Attr Name="UsedIn" Val="simulation"/>
      </FileInfo>
    </File>
    <File Path="$PSRCDIR/sources_1/imports/VHDL/ball.vhd">
      <FileInfo>
        <Attr Name="ImportPath" Val="$PPRDIR/../Sources_Debut_TP_2021/Sources_Debut_TP_2021/VHDL/ball.vhd"/>
        <Attr Name="ImportTime" Val="1696161805"/>
        <Attr Name="UsedIn" Val="synthesis"/>
        <Attr Name="UsedIn" Val="simulation"/>
      </FileInfo>
    </File>
    <File Path="$PSRCDIR/sources_1/imports/VHDL/brick.vhd">
      <FileInfo>
        <Attr Name="ImportPath" Val="$PPRDIR/../Sources_Debut_TP_2021/Sources_Debut_TP_2021/VHDL/brick.vhd"/>
        <Attr Name="ImportTime" Val="1696161805"/>
        <Attr Name="UsedIn" Val="synthesis"/>
        <Attr Name="UsedIn" Val="simulation"/>
      </FileInfo>
    </File>
    <File Path="$PSRCDIR/sources_1/imports/VHDL/objects.vhd">
      <FileInfo>
        <Attr Name="ImportPath" Val="$PPRDIR/../Sources_Debut_TP_2021/Sources_Debut_TP_2021/VHDL/objects.vhd"/>
        <Attr Name="ImportTime" Val="1696161805"/>
        <Attr Name="UsedIn" Val="synthesis"/>
        <Attr Name="UsedIn" Val="simulation"/>
      </FileInfo>
    </File>
    <File Path="$PSRCDIR/sources_1/imports/VHDL/display.vhd">
      <FileInfo>
        <Attr Name="ImportPath" Val="$PPRDIR/../Sources_Debut_TP_2021/Sources_Debut_TP_2021/VHDL/display.vhd"/>
        <Attr Name="ImportTime" Val="1696161805"/>
        <Attr Name="UsedIn" Val="synthesis"/>
        <Attr Name="UsedIn" Val="simulation"/>
      </FileInfo>
    </File>
    <File Path="$PSRCDIR/sources_1/imports/VHDL/game_mgr.vhd">
      <FileInfo>
        <Attr Name="ImportPath" Val="$PPRDIR/../Sources_Debut_TP_2021/Sources_Debut_TP_2021/VHDL/game_mgr.vhd"/>
        <Attr Name="ImportTime" Val="1696161805"/>
        <Attr Name="UsedIn" Val="synthesis"/>
        <Attr Name="UsedIn" Val="simulation"/>
      </FileInfo>
    </File>
    <File Path="$PSRCDIR/sources_1/imports/VHDL/mas_sla_mgr.vhd">
      <FileInfo>
        <Attr Name="ImportPath" Val="$PPRDIR/../Sources_Debut_TP_2021/Sources_Debut_TP_2021/VHDL/mas_sla_mgr.vhd"/>
        <Attr Name="ImportTime" Val="1696161805"/>
        <Attr Name="UsedIn" Val="synthesis"/>
        <Attr Name="UsedIn" Val="simulation"/>
      </FileInfo>
    </File>
    <File Path="$PSRCDIR/sources_1/imports/VHDL/game.vhd">
      <FileInfo>
        <Attr Name="ImportPath" Val="$PPRDIR/../Sources_Debut_TP_2021/Sources_Debut_TP_2021/VHDL/game.vhd"/>
        <Attr Name="ImportTime" Val="1696161805"/>
        <Attr Name="UsedIn" Val="synthesis"/>
        <Attr Name="UsedIn" Val="simulation"/>
      </FileInfo>
    </File>
    <File Path="$PSRCDIR/sources_1/imports/sources_1/imports/LU3EE100/VGA_4bits.vhd">
      <FileInfo>
        <Attr Name="ImportPath" Val="$PPRDIR/../VGA_4Bits/VGA_4Bits.srcs/sources_1/imports/LU3EE100/VGA_4bits.vhd"/>
        <Attr Name="ImportTime" Val="1696172685"/>
        <Attr Name="UsedIn" Val="synthesis"/>
        <Attr Name="UsedIn" Val="simulation"/>
      </FileInfo>
    </File>
    <File Path="$PSRCDIR/sources_1/imports/VHDL/Top_Basys.vhd">
      <FileInfo>
        <Attr Name="ImportPath" Val="$PPRDIR/../Sources_Debut_TP_2021/Sources_Debut_TP_2021/VHDL/Top_Basys.vhd"/>
        <Attr Name="ImportTime" Val="1696161805"/>
        <Attr Name="UsedIn" Val="synthesis"/>
        <Attr Name="UsedIn" Val="simulation"/>
      </FileInfo>
    </File>
    <File Path="$PSRCDIR/sources_1/imports/VHDL/VGA.vhd">
      <FileInfo>
        <Attr Name="AutoDisabled" Val="1"/>
        <Attr Name="ImportPath" Val="$PPRDIR/../Sources_Debut_TP_2021/Sources_Debut_TP_2021/VHDL/VGA.vhd"/>
        <Attr Name="ImportTime" Val="1696161805"/>
        <Attr Name="UsedIn" Val="synthesis"/>
        <Attr Name="UsedIn" Val="simulation"/>
      </FileInfo>
    </File>
    <File Path="$PSRCDIR/sources_1/imports/VHDL/Top_Nexys.vhd">
      <FileInfo>
        <Attr Name="AutoDisabled" Val="1"/>
        <Attr Name="ImportPath" Val="$PPRDIR/../Sources_Debut_TP_2021/Sources_Debut_TP_2021/VHDL/Top_Nexys.vhd"/>
        <Attr Name="ImportTime" Val="1696161805"/>
        <Attr Name="UsedIn" Val="synthesis"/>
        <Attr Name="UsedIn" Val="simulation"/>
      </FileInfo>
    </File>
    <File Path="$PSRCDIR/sources_1/imports/VHDL/aff_mgr_nexys.vhd">
      <FileInfo>
        <Attr Name="AutoDisabled" Val="1"/>
        <Attr Name="ImportPath" Val="$PPRDIR/../Sources_Debut_TP_2021/Sources_Debut_TP_2021/VHDL/aff_mgr_nexys.vhd"/>
        <Attr Name="ImportTime" Val="1696161805"/>
        <Attr Name="UsedIn" Val="synthesis"/>
        <Attr Name="UsedIn" Val="simulation"/>
      </FileInfo>
    </File>
    <Config>
      <Option Name="DesignMode" Val="RTL"/>
      <Option Name="TopModule" Val="top_baxys"/>
      <Option Name="TopAutoSet" Val="TRUE"/>
    </Config>
  </FileSet>
  <FileSet Name="constrs_in" Type="Constrs" RelSrcDir="$PSRCDIR/constrs_1">
    <Filter Type="Constrs"/>
    <File Path="$PSRCDIR/constrs_1/imports/XDC/Console_Basys.xdc">
      <FileInfo>
        <Attr Name="ImportPath" Val="$PPRDIR/../Sources_Debut_TP_2021/Sources_Debut_TP_2021/XDC/Console_Basys.xdc"/>
        <Attr Name="ImportTime" Val="1696161805"/>
        <Attr Name="UsedIn" Val="synthesis"/>
        <Attr Name="UsedIn" Val="implementation"/>
      </FileInfo>
    </File>
    <File Path="$PSRCDIR/constrs_1/imports/XDC/Console_Nexys.xdc">
      <FileInfo>
        <Attr Name="UserDisabled" Val="1"/>
        <Attr Name="ImportPath" Val="$PPRDIR/../Sources_Debut_TP_2021/Sources_Debut_TP_2021/XDC/Console_Nexys.xdc"/>
        <Attr Name="ImportTime" Val="1696161805"/>
        <Attr Name="UsedIn" Val="synthesis"/>
        <Attr Name="UsedIn" Val="implementation"/>
      </FileInfo>
    </File>
    <Config>
      <Option Name="ConstrsType" Val="XDC"/>
    </Config>
  </FileSet>
  <FileSet Name="utils" Type="Utils" RelSrcDir="$PSRCDIR/utils_1">
    <Filter Type="Utils"/>
    <Config>
      <Option Name="TopAutoSet" Val="TRUE"/>
    </Config>
  </FileSet>
  <Strategy Version="1" Minor="2">
    <StratHandle Name="Vivado Synthesis Defaults" Flow="Vivado Synthesis 2020"/>
    <Step Id="synth_design"/>
  </Strategy>
</GenRun>
